ranking,title,reviews,ratings
#1,Allen Solly Men Polo,"63,237",4.1 out of 5 stars
#2,Jockey 1406 Women's High Coverage Super Combed Cotton Mid Waist Hipster with Concealed Waistband and StayFresh Treatment (Pack of 3_Colors & Prints May Vary),"31,665",4.2 out of 5 stars
#3,"Mehrang Lycra Saree Shapewear Petticoat for Women, Cotton Blended,Petticoat,Skirts for Women,Shape Wear Dress for Saree","5,036",4.2 out of 5 stars
#4,ANNI DESIGNER Women's Cotton Blend Printed Straight Kurta with Pant,"3,063",3.5 out of 5 stars
#5,Van Heusen Men's Regular Fit Polo Shirt,"31,796",4.0 out of 5 stars
#6,Dennis Lingo Men's Solid Slim Fit Cotton Casual Shirt with Spread Collar & Full Sleeves,"32,261",3.8 out of 5 stars
#7,KOTTY Women Polyester Blend Green Solid Trousers,"2,006",3.7 out of 5 stars
#8,London Hills Solid Men's Round Neck Cotton Blend Half Sleeve T-Shirts,"1,654",3.8 out of 5 stars
#9,ANNI DESIGNER Women's Cotton Blend Straight Printed Kurta with Pant & Dupatta,123,3.9 out of 5 stars
#10,"Fearless Tape Generic Tape Double Sided Tape for Industrial, Walls, Fashion and Body Uses- Multi Purpose Uses -36 Count (Packaging May Vary-Made in China, 2023 MODEL)","32,879",3.7 out of 5 stars
#11,GoSriKi Women's Cotton Blend Embroidered Straight Kurta (Stho-White-Nw2-GS),704,4.0 out of 5 stars
#12,MEERA FAB Women Cotton Printed Anarkali Kurta with Palazzo and Dupatta,"2,473",3.9 out of 5 stars
#13,GoSriKi Women's Cotton Blend Printed Straight Kurta with Pant (PS-Pink-CMD-GS),147,3.9 out of 5 stars
#14,Lux Cozi Men's White Round Neck Sleeveless Cotton Vest (Pack of 3),"6,832",4.2 out of 5 stars
#15,Selvia Men's Solid Lycra Full Elastic Jogger Track Pant,581,3.2 out of 5 stars
#16,London Hills Men Round Neck Cotton Blend Multicolor Half Sleeve Solid T-Shirts (Pack of 3),"1,028",3.7 out of 5 stars
#17,Adidas Original Flat Knit Ankle Cotton Socks - 3 Pairs (6N) (AD-203) (Col Navy/Grey Mel/Black),"1,962",4.3 out of 5 stars
#18,Amazon Brand - Symbol Men's Regular Fit Polo Shirt,"23,654",3.9 out of 5 stars
#19,Scott International Men's Regular Fit T-Shirt (Pack of 3),"39,000",3.6 out of 5 stars
#20,ANNI DESIGNER Women's Cotton Blend Straight Printed Kurta with Pant Set (Tbh Blue-1),509,3.6 out of 5 stars
#21,OM SAI LATEST CREATION Women Soft Cotton Silk Banarasi Saree for women Under 300 2022 Beautiful saree free size with blouse piece Saree,"1,286",3.8 out of 5 stars
#22,Rangnavi Women Rayon Anarkali Embroidered Printed Kurta Pant and Dupatta Set,"1,747",3.8 out of 5 stars
#23,Rupa Women Cotton Panty,"1,067",3.9 out of 5 stars
#24,HSR Women Waist Shapewear with Anti Rolling Strip Tummy Control Tucker Waist Slimming Panties Shapewear Underwear Waist Shapewear,"5,366",4.0 out of 5 stars
#25,Jockey Women Shorties,"8,946",4.2 out of 5 stars
#26,Jockey 8037 Men's Super Combed Cotton Solid Brief with Ultrasoft Waistband (Pack of 2),"8,475",4.2 out of 5 stars
#27,Van Heusen Women Antibacterial Cotton Hipster Panty - Pack of 3,"13,094",4.2 out of 5 stars
#28,GoSriKi Women's Rayon Floral Printed Straight Kurta with Pants & Dupatta (Shank-Maroon-Nw08-GS),"1,487",3.7 out of 5 stars
#29,Ben Martin Men's Relaxed Fit Jeans,"33,071",3.5 out of 5 stars
#30,GoSriKi Women's Rayon Straight Printed Kurta with Pant & Dupatta,647,3.9 out of 5 stars
#31,"LEOTUDE Women's Casual Printed Short Sleeve with Round Neck, Oversized Longline Drop Shoulder, Very Trendy Printed, Boho Style T-Shirt","1,163",3.8 out of 5 stars
#32,Jockey 1410 Women's Medium Coverage Super Combed Cotton Mid Waist Bikini with Concealed Waistband (Pack of 3_Colors & Prints May Vary),"25,975",4.1 out of 5 stars
#33,Jockey 8008 Men's Super Combed Cotton Rib Solid Boxer Brief with Ultrasoft Concealed Waistband,"6,886",4.3 out of 5 stars
#34,"NYKD Encircled with Love Everyday Cotton Bra for Women Non Padded, Wirefree, Full Coverage - Side Support Shaper - NYB169","1,379",4.1 out of 5 stars
#35,ANNI DESIGNER Women's Cotton Blend Embroidered Straight Kurta (Stho-White-Nw),"1,226",3.9 out of 5 stars
#36,,"2,809",3.8 out of 5 stars
#37,Jockey 8820 Men's Super Combed Cotton Round Neck Sleeveless Vest with Extended Length for Easy Tuck (Pack of 3),"5,312",4.2 out of 5 stars
#38,Jockey 2714 Men's Super Combed Cotton Rich Solid Round Neck Half Sleeve T-Shirt,"19,846",4.2 out of 5 stars
#39,"Van Heusen Men Boxer Briefs - 100% Combed Cotton - Pack of 2 - Anti Bacterial, Colour Fresh, Moisture Wicking","11,072",4.1 out of 5 stars
#40,Aahwan Women's & Girls' High Waist Korean Baggy Pants,238,3.2 out of 5 stars
#41,XYXX Men's Underwear Uno IntelliSoft Antimicrobial Micro Modal Trunk Pack of 2,"7,614",4.0 out of 5 stars
#42,Jockey 8037 Men's Super Combed Cotton Solid Brief with Ultrasoft Waistband,"26,236",4.2 out of 5 stars
#43,ANNI DESIGNER Women Kurta with Pant & Dupatta,247,3.8 out of 5 stars
#44,GoSriKi Women Kurta with Pant & Dupatta,"1,583",3.8 out of 5 stars
#45,Jockey 1722 Women's Wirefree Non Padded Super Combed Cotton Elastane Stretch Medium Coverage Everyday Bra with Concealed Shaper Panel and Adjustable Straps,"11,734",4.2 out of 5 stars
#46,"NAVYSPORT Originals Unisex Casual Cushion Cotton Ankle Socks, Assorted Combo, Pack of 4, Free Size","6,924",4.1 out of 5 stars
#47,EthnicJunction Women's Lucknowi Chikankari Embroidered Work Georgette Anarkali Kurta,"2,185",4.1 out of 5 stars
#48,KLOSIA Women Printed Kurta and Pant set with Dupatta,271,4.1 out of 5 stars
#49,BLINKIN Cotton Pyjamas for Women Combo Pack of 2 with Side Pockets,"9,497",3.8 out of 5 stars
#50,"Van Heusen Men Briefs - 100% Combed Cotton - Anti Bacterial, Colour Fresh, Moisture Wicking","21,364",4.1 out of 5 stars
#51,Jockey SS04 Women's High Coverage Super Combed Cotton Elastane Stretch Mid Waist Boy Shorts with Concealed Waistband and StayFresh Treatment,"12,070",4.2 out of 5 stars
#52,Selvia Women's Poly Viscose Solid Regular Fit Shirt,711,3.9 out of 5 stars
#53,Nifty Women's Slim Fit Cotton Jeans,"9,358",3.8 out of 5 stars
#54,Stylum Women's Floral Print Rayon A-Line Kurta,"1,930",3.8 out of 5 stars
#55,Jockey IC28 Men's Tactel Microfiber Elastane Stretch Solid Trunk with Moisture Move Treatment,"10,284",4.4 out of 5 stars
#56,Lymio Casual Shirt for Men|| Shirt for Men|| Men Stylish Shirt || Men Printed Shirt (Mistry),"3,011",3.9 out of 5 stars
#57,"Nivia Plain Encounter Football Stockings for Men & Women, Knee Length Stockings, Football Socks, Soccer Socks, Sports Socks","3,448",4.1 out of 5 stars
#58,EIO New Born Baby Clothing Gift Set -13 Pieces,"1,378",4.2 out of 5 stars
#59,Jockey 8009 Men's Super Combed Cotton Rib Solid Boxer Brief with Ultrasoft Waistband (Pack of 2),"11,392",4.2 out of 5 stars
#60,Vaamsi Women's Cotton Blend Kalamkari Printed Straight Kurta Pant With Dupatta (VKSKD1171),"2,099",3.6 out of 5 stars
#61,GoSriKi Women's Cotton Blend Straight Printed Kurta with Pant & Dupatta (RAJI-BEGANI-GS),30,4.1 out of 5 stars
#62,"NAVYSPORT Socks for Men Solid Ankle Length Cotton Socks, Free Size, Pack of 3 (Multicoloured)","28,231",4.0 out of 5 stars
#63,GoSriKi Women Kurta with Pant & Dupatta,"2,390",3.6 out of 5 stars
#64,Satrani Women'S Georgette Leheriya Printed Saree With Unstitched Blouse Piece,38,4.0 out of 5 stars
#65,LEOTUDE Cotton Blend Half Sleeve Printed Oversized T-Shirts for Men,"1,475",3.5 out of 5 stars
#66,BLINKIN Gym wear Mesh Leggings Workout Pants with Side Pockets/Stretchable Tights/Highwaist Sports Fitness Yoga Track Pants for Women & Girls_2012,"3,177",4.2 out of 5 stars
#67,Rupa Men Vest,"17,148",4.1 out of 5 stars
#68,LEE TEX Women Regular Fit Cotton Blend Trousers,385,3.6 out of 5 stars
#69,Rupa Jon Women's Cotton Panty (Pack of 10)(Colors and Prints May Vary),"21,523",3.9 out of 5 stars
#70,EYEBOGLER Men's Striped Regular fit T-Shirt (T285HS_White Darknavy Indigo Royal S) EYEBOGLERMenRegularT-Shirt,"14,718",3.7 out of 5 stars
#71,Veirdo® Oversized Baggy Fit Comfortable Pure Cotton Round Neck T-Shirt with Originals Frog Print Collection Tee for Men & Boys (Swan White & Mint Green),584,4.0 out of 5 stars
#72,EIO® 100% Cotton Rompers Sleepsuits Jumpsuit Night Suits for Infants Newborn Baby Boys & Girls Pack of 3,"5,684",4.0 out of 5 stars
#73,minicult Cotton Pajama Pants with All Over Print for Boys and Girls (Multicolor Designs)(Regular Fit)(Pack of 5),"27,648",4.0 out of 5 stars
#74,LEOTUDE Women's Oversized Cottonblend Half Sleeve Drop Shoulder Tshirt,433,3.8 out of 5 stars
#75,ANNI DESIGNER Women's Cotton Blend Straight Printed Kurta with Pant,171,4.2 out of 5 stars
#76,Wedani Women's Casual Short Sleeves Round Neck Foral Top,801,3.2 out of 5 stars
#77,Vaamsi Women's Cotton Blend Floral Printed Straight Kurta Pant with Dupatta (VKSKD1238),"1,794",3.5 out of 5 stars
#78,NYKD Cotton Stretchable Cycling Shorts for Women (Shorties/Underskirt Shorts) - NYP083,"1,772",4.1 out of 5 stars
#79,Levi's Men Brief,"18,189",3.9 out of 5 stars
#80,EYEBOGLER Mens Colorblocked Polo T-Shirt,709,3.1 out of 5 stars
#81,Lymio Men T-Shirt || T-Shirt for Men || Plain T Shirt || T-Shirt (Rib),44,4.7 out of 5 stars
#82,Jockey 1487 Women's Super Combed Cotton Rib Camisole with Adjustable Straps and StayFresh Treatment,"5,399",4.2 out of 5 stars
#83,FIORRA Women's Maroon Poly Crepe A-line Kurta with Pant and Dupatta,"3,714",4.1 out of 5 stars
#84,Allen Solly Junior Boy's T-Shirt,"7,716",4.2 out of 5 stars
#85,"Boldfit Gym Supporter for Men Sports Underwear for Men for Workout in Gym Stretchable Cotton Supporter for Gym Workout, Moisture Wicking Supporter for Cricket, Gym, Running -Black -M",552,4.3 out of 5 stars
#86,ANNI DESIGNER Women's Cotton Blend Printed Straight Kurta with Pant (KIDYA),"1,410",3.7 out of 5 stars
#87,Lymio Lycra Saree Shapewear Petticoat for Women || saree shapewear for women (SS),"1,111",4.1 out of 5 stars
#88,Lux Cozi Men's Multicolor Cotton Long Trunk (Pack of 3) (Color & Prints May Vary),"2,882",3.9 out of 5 stars
#89,FUNDAY FASHION Cotton Half Sleeve Printed Oversized T-Shirt for Women/Girls (Pack of 2),"1,259",4.0 out of 5 stars
#90,MiEstilo Women's Cotton Blend Lightly Padded Wirefree T-Shirt Bra Combo,"8,336",4.0 out of 5 stars
#91,rytras Women's Printed Straight Kurta and Pant Set,73,4.1 out of 5 stars
#92,"dclub Nipple Covers Reusable Comfortable & Natural Invisible Adhesive Silicone Pasties for Women, Round (Skin)","4,340",4.3 out of 5 stars
#93,ANNI DESIGNER Women's Cotton Blend Straight Printed Kurta with Pant & Dupatta (Prem Pink),93,3.6 out of 5 stars
#94,LEOTUDE Men's Regular Fit Half Sleeve Matty Polo T-Shirt | Plus Size Also Available,"2,071",3.6 out of 5 stars
#95,Lux Cozi Men's Cotton Boxers (Pack of 5) (Color & Prints May Vary),"2,969",3.9 out of 5 stars
#96,Amazon Brand - Symbol Men's Regular Shirt,"11,952",3.9 out of 5 stars
#97,Levi's Men's 010 Comfort Boxer Brief with Smartskin Technology (Pack of 2),"8,408",4.1 out of 5 stars
#98,Enamor SB06 Low Impact Cotton Sports Bra - Non-Padded • Wirefree - Black,"15,312",4.2 out of 5 stars
#99,SWAGR 5 Pairs Socks Ankle for Men & Women Multicolor Pack of Free Size,"1,804",3.7 out of 5 stars
#100,Amazon Brand - Symbol Men Polo Shirt,"9,432",4.0 out of 5 stars
#101,Labnoft Men's Reversible PU Leather Belt,"5,721",4.0 out of 5 stars
#102,MEERA FAB Women's Cotton Printed Straight Kurta With Palazzo & Dupatta Set,22,3.6 out of 5 stars
#103,Allen Solly Men Polo,"4,054",4.1 out of 5 stars
#104,Jockey 9426 Men's Super Combed Cotton Rich Regular Fit Solid Shorts with Side Pockets,"8,179",4.3 out of 5 stars
#105,"Raj Fancy Dresses Shri Krishna Dress for Baby Boy & Girl, Janmashtmi Dress with Diaper-friendly Dhoti & Dupatta, Mor Pankh Mukut","4,555",4.2 out of 5 stars
#106,"Enamor A112 Full Support Minimizer Cotton Bra for Women Non-Padded, Non-Wired & Full Coverage with Seamless Cup","4,929",4.2 out of 5 stars
#107,Jockey SS02 Women's Super Combed Cotton Elastane Stretch Low Waist Bikini with Concealed Waistband and StayFresh Treatment (Colors & Prints May Vary),"12,438",4.2 out of 5 stars
#108,THE CLOWNFISH Rain Coat for Men Waterproof Raincoat with Pants Polyester Reversible Double Layer Rain Coat For Men Bike Rain Suit Rain Jacket Suit Inner Mobile Pocket,"4,522",4.0 out of 5 stars
#109,Jockey 9922 Men's Super Combed Cotton Rib Racer Back Styling Round Neck Gym Vest,"7,796",4.2 out of 5 stars
#110,Casual Shirt for Men|| Shirt for Men|| Men Stylish Shirt || Men Printed Shirt (J-Mistry),350,4.3 out of 5 stars
#111,ENDEAVOUR WEAR Men's Regular Fit Trackpants,"15,970",4.0 out of 5 stars
#112,U.S. POLO ASSN. Men's Regular Shorts,"4,733",4.2 out of 5 stars
#113,Dennis Lingo Men's Solid Slim Fit Casual Shirt,"12,411",3.9 out of 5 stars
#114,GoSriKi Women's Georgette Blend Printed Saree With Blouse Piece (MAHA-BLUE-GS_Blue_Free Size),529,3.2 out of 5 stars
#115,rytras Women's Cotton Printed Straight Kurti,216,3.9 out of 5 stars
#116,GoSriKi Women Kurta and Palazzo,"1,455",3.5 out of 5 stars
#117,KLOSIA Women Rayon Kurta Pant with Dupatta Set,"1,013",3.9 out of 5 stars
#118,Puma Men's Cotton Baseball Cap (23793_Free Size),"1,193",4.0 out of 5 stars
#119,KLOSIA Women Floral Printed Kurta and Pant Set With Dupatta,162,4.2 out of 5 stars
#120,FREECULTR Men's Underwear Anti Bacterial Micromodal Airsoft Trunk - Non Itch No Chaffing Sweat Proof 100% Try On Guarantee - Made in Bharat,"5,052",3.9 out of 5 stars
#121,Amazon Brand - Symbol Men's Regular T-Shirt,"3,377",3.9 out of 5 stars
#122,ANNI DESIGNER Women's Cotton Blend Printed Straight Kurta with Pant (Punya Blue),705,3.3 out of 5 stars
#123,VIP Frenchie Plus Men's Cotton Brief (Pack of 6),"6,402",4.1 out of 5 stars
#124,T2F Boy's Joggers Track Pant,"16,581",4.1 out of 5 stars
#125,Van Heusen Women Anti-Bacterial Hipster,"7,435",4.2 out of 5 stars
#126,Lux Cozi Men's Regular Fit Polo Neck Half Sleeve Soild Casual T-Shirt | Polo T-Shirt for Men,4,4.7 out of 5 stars
#127,T2F Boy's Regular Fit T-Shirt,"4,161",4.3 out of 5 stars
#128,ANNI DESIGNER Women's Cotton Blend Straight Printed Kurta with Pant & Dupatta (Baiyaan),"1,758",3.7 out of 5 stars
#129,DUPATTA BAZAAR Women's Floral Silk Blend Dupatta,171,3.9 out of 5 stars
#130,Jockey US21 Men's Super Combed Cotton Elastane Stretch Solid Trunk with Ultrasoft Waistband,"12,923",4.0 out of 5 stars
#131,Jockey 8008 Men's Super Combed Cotton Rib Solid Boxer Brief with Ultrasoft Concealed Waistband (Pack of 2),"10,727",4.3 out of 5 stars
#132,NYKD Women's Cotton Non Padded Wire Free Everyday Bra,"2,472",4.1 out of 5 stars
#133,"LENSKART BLU | Zero Power Blue Cut Computer Glasses | Anti Glare, Lightweight & Blocks Harmful Rays | UV Protection Specs | Men & Women | Large | LB E13737","3,740",3.8 out of 5 stars
#134,Sidhidata Women's Georgette Digital Printed Ready To Wear one Minute Saree With Unstitched Blouse Piece,42,3.6 out of 5 stars
#135,KOTTY Womens High Rise Cotton Lycra Jeans,"1,037",3.5 out of 5 stars
#136,EthnicJunction Women's Georgette Chikankari Embroidery Anarkali Kurta & Dupatta Set,155,4.1 out of 5 stars
#137,DHRUVI TRENDZ Men Fancy Shirts for Men,226,3.4 out of 5 stars
#138,ANNI DESIGNER Women's Cotton Blend Straight Printed Kurta with Pant (Gulika Grey-NW),36,4.8 out of 5 stars
#139,CREATURE Reversible Pu-Leather Formal Belt For Men(Color-Black/Brown||BL-01|| 46 inches length|| Waist upto -40 inches),"15,003",3.8 out of 5 stars
#140,,"3,516",3.9 out of 5 stars
#141,Aahwan Women's & Girls' Solid Ribbed Square Neck Tank Tops,"2,171",3.7 out of 5 stars
#142,Glory Sarees Women's Kanchipuram Art Silk Saree With Blouse Piece,"6,233",3.9 out of 5 stars
#143,HSR Women Stylish Sleeveless High Mock Neck Stretchable Knit Regular Fit Tank Top (Free Size),"1,394",4.1 out of 5 stars
#144,Levi's Men's 003 Comfort Trunks with Smartskin Technology (Pack of 2),"2,775",3.9 out of 5 stars
#145,Satrani Women's Printed Poly Silk Saree with Unstitched Blouse Piece,814,3.2 out of 5 stars
#146,WNESY Women's Rayon Printed Anarkali Kurta Palazoo With Dupatta Set 1,35,3.7 out of 5 stars
#147,"Van Heusen Men Boxer Briefs - 100% Combed Cotton - Anti Bacterial, Colour Fresh, Moisture Wicking","11,053",4.2 out of 5 stars
#148,Lux Cozi Men's Assorted Inner Elastic Semi Long Printed Trunk| Printed Mini Trunk for Men (Color & Prints May Vary),35,3.7 out of 5 stars
#149,Shiv Textiles Womens Banarasi Silk Saree with Blouse Perfect for Every Occasion,224,3.8 out of 5 stars
#150,Urbano Fashion Men's Cotton Slim Fit Casual Chinos Trousers Stretch,"7,461",3.6 out of 5 stars
#151,White Button Girls Polyester Blend Readymade Lehenga Choli Set,"1,697",3.8 out of 5 stars
#152,fanideaz Mens Cotton Half Sleeve Striped Polo T Shirt with Collar,556,4.0 out of 5 stars
#153,hotfits Stylish Men Multicolored Cotton Shorts-Pack of 3,"1,932",3.8 out of 5 stars
#154,LookMark Men's Stylish Cotton Blend Printed Striped Polo Tshirt,484,3.4 out of 5 stars
#155,Majestic Man Cotton Solid Casual Short Kurta for Men,"1,686",3.9 out of 5 stars
#156,Amazon Brand - Symbol Men's Regular Fit Formal Shirt,"7,185",4.0 out of 5 stars
#157,KOTTY Women Regular Length Royal Blue Solid Trousers,385,3.9 out of 5 stars
#158,Amazon Brand - Symbol Women's Cotton Regular Fit T-Shirt,"26,479",4.1 out of 5 stars
#159,"HACER EVA Waterproof Rain Coat Hooded Universal Outdoor Water Resistant Portable Suit for Men Women Boys & Girls (Universal, Grey)",229,3.3 out of 5 stars
#160,VredeVogel Women's Embroidered Cotton Silk Blend Kurta Pant and Dupatta Set,616,3.7 out of 5 stars
#161,Alan Jones Clothing Men's Slim Fit Track pants,"16,164",4.0 out of 5 stars
#162,GoSriKi Women's Cotton Blend Printed Straight Kurta with Pant & Dupatta (AUX),"1,183",3.6 out of 5 stars
#163,ANNI DESIGNER Women's Cotton Blend Block Printed Straight Kurta with Pant & Dupatta,179,3.1 out of 5 stars
#164,Allen Solly Men Shirt,"6,708",3.9 out of 5 stars
#165,Jockey 9930 Men's Super Combed Cotton Rib Solid Round Neck Muscle Vest,"7,282",4.2 out of 5 stars
#166,Jockey 8035 Men's Super Combed Cotton Solid Poco Brief with Ultrasoft Concealed Waistband (Pack of 3),"15,021",4.2 out of 5 stars
#167,Amazon Brand - Symbol Men Dress Pants,"6,776",3.8 out of 5 stars
#168,Sidhidata Women's Printed Pure Georgette Saree With Unstitched Blouse Piece (Rocky Aur Rani Ki Prem Kahani Saree),25,3.9 out of 5 stars
#169,DHRUVI TRENDZ Men Shirt,412,3.4 out of 5 stars
#170,Dixcy Scott Men's Cotton Innerwear Regulart Fit Trunk,"18,000",3.7 out of 5 stars
#171,"YIFELY double sided tape for clothes and Fashion, Clothing and Body (36 Strip Pack) | All Day Strength Tape Adhesive and Gentle on Skin and Fabrics | Transparent (36)",863,4.0 out of 5 stars
#172,AASK Dress for Women|one Piece for Women|Dresses for Women|Kurta Set for Women|Kurta for Women Dress for Women|Women top|Tops for Women|Dress|Dresses for Women,339,4.2 out of 5 stars
#173,JUGULAR Men's Slim Fit Track pants,"5,980",3.7 out of 5 stars
#174,Adidas Unisex Ankle Length Standard Cotton Socks (Pack of 3) Assorted,"2,387",4.1 out of 5 stars
#175,Jockey 8035 Men's Super Combed Cotton Solid Poco Brief with Ultrasoft Concealed Waistband (Pack of 2),"3,867",4.3 out of 5 stars
#176,ROYAL EXPORT Women's Cotton Anarkali White Color chikankari suit with Duptta,543,3.8 out of 5 stars
#177,AMERICAN CREW Men's Polo Collar Half Sleeve T-Shirt,"18,098",3.9 out of 5 stars
#178,,,
#179,Jockey 1802 Women's High Coverage Micro Modal Elastane Stretch Mid Waist Hipster with Ultrasoft Concealed Waistband,"2,072",4.4 out of 5 stars
#180,Lux Lyra Women Leggings,"3,159",4.0 out of 5 stars
#181,Allen Solly Men's Regular Fit Polo,"4,271",4.1 out of 5 stars
#182,MIRCHI FASHION Women's Chiffon Forest Designer Printed Saree with Blouse Piece,"1,113",3.8 out of 5 stars
#183,SIRIL Lycra Long Puff Sleeve Sweetheart Neck Co-Ords Set for Women's | Suit Set|Two Piece Dress,18,4.4 out of 5 stars
#184,Real Basics unisex child fleece Track Suit,534,4.1 out of 5 stars
#185,,275,3.7 out of 5 stars
#186,ADDYVERO Women's Slim Fit Casual Trousers,"9,211",4.1 out of 5 stars
#187,Vaamsi Women's Cotton Blend Printed Kurta Trousers and Dupatta Set (VKSKD1133_Grey),600,3.5 out of 5 stars
#188,NASRO Women Rayon Anarkali Embroidered Printed Kurta Pant And Dupatta Set,404,3.7 out of 5 stars
#189,Allen Solly Men's Slim Fit Shirt,"13,414",3.7 out of 5 stars
#190,Amazon Brand - INKAST Men Casual Shirt,"17,019",4.0 out of 5 stars
#191,VIMAL JONNEY Cotton Regular FIT Trackpant for Men-(DD-PP)-Pack of 1,"16,947",3.7 out of 5 stars
#192,,510,4.1 out of 5 stars
#193,MomToBe Women's Cotton Multicolor Full Cup Non Padded Feeding Bra/Nursing Bra/Maternity Bra Combo - Pack of 3,"2,617",4.3 out of 5 stars
#194,DIGITAL SHOPEE Women Cotton Trouser Pant Regular Fit for Office School Formal Casual Daily Use,"1,344",3.5 out of 5 stars
#195,Jockey 1222 Men's Super Combed Mercerized Cotton Woven Checkered Boxer Shorts with Back Pocket (Colors & Checks May Vary),"16,759",4.1 out of 5 stars
#196,SAGIBO Round Neck Dobby Cotton Lycra Stretchable Elbow Sleeve Readymade Saree Blouse for Women Stylish,"4,697",4.2 out of 5 stars
#197,TWIN BIRDS Super Stretchable Cotton Elasthane Fabric Ankle Length Leggings for Women,"2,604",4.2 out of 5 stars
#198,Jockey 2726 Men's Super Combed Cotton Rich Solid V Neck Half Sleeve T-Shirt,"14,078",4.2 out of 5 stars
#199,Jockey 1723 Women's Wirefree Padded Super Combed Cotton Elastane Stretch Medium Coverage T-Shirt Bra with Adjustable Straps,"4,189",4.2 out of 5 stars
#200,,1,5.0 out of 5 stars
#201,SIRIL Women's Printed Georgette Rocky Aur Rani Ki Prem Kahani Alia Bhatt Saree with Unstitched Blouse Piece,3,4.0 out of 5 stars
#202,Janasya Women's Off-White Poly Silk Solid Kurta with Pant and Dupatta,"2,501",3.9 out of 5 stars
#203,T2F Girl T-Shirt,"15,818",4.2 out of 5 stars
#204,"Tom & Gee Bralettes Girls Sports Yoga Crop Top Push Up Wire Free Women Bra, Pack of 3 Pcs",148,4.3 out of 5 stars
#205,ARIEL Cotton Clothing Sets for Baby Boys & girls - Unisex Clothing sets Full Sleeve T-shirt & Pant,642,4.2 out of 5 stars
#206,Boldfit Head Caps for Men Unisex Mens Caps with Adjustable Strap in Summer for Men Caps Men for All Sports Cap for Girls caps Gym Caps for Men Women Cap Sports Caps for Men with Airholes - Black,"2,025",4.1 out of 5 stars
#207,Rupa Women Cotton Panties Pack of 5(Colors and Prints May Vary),"1,269",3.9 out of 5 stars
#208,EIO Unisex Kids Cotton Pajama Pants Combo Pack,"3,005",3.9 out of 5 stars
#209,Yashika Women's Cotton Blend Printed Saree With Blouse Piece,"1,027",3.8 out of 5 stars
#210,Dixcy Scott Men Vest,"9,613",4.1 out of 5 stars
#211,"XJARVIS Athletic Ankle Length Half Terry Cotton Bamboo Socks Men & Women, Solid Sports Cushion Sneaker Unisex Towel Socks Combo for Running, Cycling & Gym, Odour Free (Pack of 5)",488,4.2 out of 5 stars
#212,VIP Frenchie Plus Men's Cotton Brief (Pack of 3),"1,167",4.1 out of 5 stars
#213,RodZen Oversized | Loose Fit | Relaxed Fit | Wide Fit Half Sleeves 100% Cotton Round Neck Printed T-Shirt for Womens/Girls,833,4.1 out of 5 stars
#214,ANNI DESIGNER Women's Cotton Blend Solid Straight Kurta with Pant & with Dupatta (Chora WP),"1,306",3.8 out of 5 stars
#215,Pepe Jeans Athleisure Men Slim Fit Cotton Stretch Track Pants – Sporty Cotton Jersey Lounge Pants | with Encased Elastic Waist & Side Pockets,26,4.0 out of 5 stars
#216,Aahwan Women's & Girls' Solid Ribbed Crop Tank Top,"2,772",3.9 out of 5 stars
#217,Amazon Brand - Symbol Men's Regular Fit Casual Shirt,"6,502",3.9 out of 5 stars
#218,Amazon Brand - INKAST Men Casual Cargo Jogger,"1,301",3.8 out of 5 stars
#219,MARK LOUIIS Track Pant for Men - Regular Fit Track Pants with Unique Design for Maximum Style & Comfort - Everyday Use Lowers for Men,"15,103",3.9 out of 5 stars
#220,Jockey 8015 Men's Super Combed Cotton Rib Solid Trunk with Ultrasoft Waistband,"6,204",4.0 out of 5 stars
#221,NAVYSPORT Men NAVYSPORT Crew Socks,"8,147",4.0 out of 5 stars
#222,GoSriKi Women's Cotton Blend Straight Printed Kurta with Pant & Dupatta,26,3.7 out of 5 stars
#223,"Boldfit Head Band for Man Sports Head Bandana for Men & Women Gym Hair Band for Men Workout, Running - Breathable, Non-Slip & Quick Drying Head Bands for Long Hair (Set of 3)","1,358",4.0 out of 5 stars
#224,FTX Men's Dri-Fit Round Neck T-Shirt Combo - Pack of 3 (723),290,3.7 out of 5 stars
#225,MEERA FAB Women's Cotton Printed White Anarkali Kurta with Palazzo & Dupatta Set,"4,695",3.8 out of 5 stars
#226,Uptownie Lite Women's Shirt Maxi Dress,"2,145",3.9 out of 5 stars
#227,GoSriKi Women Kurta with Pant & Dupatta,200,3.8 out of 5 stars
#228,Jockey 1250 Women's Wirefree Non Padded Super Combed Cotton Elastane Stretch Full Coverage Everyday Bra with Contoured Shaper Panel and Adjustable Straps,"9,980",4.2 out of 5 stars
#229,Jockey IC27 Men's Tactel Microfiber Elastane Stretch Solid Brief with Moisture Move Treatment,"6,118",4.4 out of 5 stars
#230,rangita Women Cotton Straight Kurti,297,3.8 out of 5 stars
#231,Jikonet Women's Maternity Kurti for Feeding Zippers (VJK),291,3.7 out of 5 stars
#232,Jockey Men's Cotton Track Pants,"6,808",4.2 out of 5 stars
#233,INDO ERA Women's Cotton Blend Solid Straight Kurta Palazzo With Dupatta Set (Magenta_DDDDD4012_Large),93,4.3 out of 5 stars
#234,Peter England Men's Socks (Pack of 3),"2,008",4.2 out of 5 stars
#235,EYEBOGLER Regular Printed T-Shirt for Men(CTT344HS),329,3.5 out of 5 stars
#236,Pasties for Women Nipple Covers Reusable Adhesive Silicone Covers,"4,436",4.3 out of 5 stars
#237,Alan Jones Clothing Men's Fleece Hooded Hoodie,"7,748",4.1 out of 5 stars
#238,BLINKIN Women's Skinny Fit Leggings,"4,939",3.9 out of 5 stars
#239,ANNI DESIGNER Women Kurta with Pant & Dupatta,"3,358",3.6 out of 5 stars
#240,LEOTUDE Oversized Cotton Blend Printed Women's T-Shirts Combo (Pack of 3),249,3.6 out of 5 stars
#241,Baba & Baby Traditional Ethnic Wear Cotton Kurta Pyjama Set for Boys,"2,049",4.1 out of 5 stars
#242,URBAN FOREST Leather Belt for Men,"7,344",4.0 out of 5 stars
#243,Fabricorn Combo of Plain Color Stylish Up and Down Cotton Tshirt for Women,"12,155",4.0 out of 5 stars
#244,GoSriKi Women's Cotton Blend Floral Printed Anarkali Kurta with Trouser & Dupatta (Gym-RED-GS),412,3.5 out of 5 stars
#245,IndoPrimo Men's Cotton Casual Regular Fit Checks Shirt for Men Full Sleeves,31,4.2 out of 5 stars
#246,Lymio kurta set for women | Women Kurta | Women Kurta Sets Kurtis | Women Kurta Pant Set | Women Kurta Pant Set Women Kurti Set with Pant | Women Kurti Set with Pant Cotton (K-18-19),55,4.0 out of 5 stars
#247,Jockey 1015 Men's Super Combed Cotton Rib Solid Trunk with Stay Fresh Properties,"6,450",4.1 out of 5 stars
#248,"Nature Thread Cotton Camisole Long Slip for Women, Knee Length Non-Stretchable sameez Lining for Suits, Kurta and Kurti","1,592",3.8 out of 5 stars
#249,Dennis Lingo Men's Checkered Slim Fit Cotton Casual Shirt,"2,894",3.9 out of 5 stars
#250,VIP Supreme Men's Cotton Vest (Pack of 3),"1,744",4.0 out of 5 stars
#251,Allen Solly Men's Cotton Crew Neck Sweatshirt,"21,817",4.1 out of 5 stars
#252,Boldfit Tummy Shaper for Women & Men Sweat Slim Belt Tummy Belt Shapewear for Belly. Body Shaper Belt for Stomach Fitness Belt for Exercise & Workout- Large-Extra Large Black,"2,365",3.4 out of 5 stars
#253,Lymio kurta set for women | Women Kurta | Women Kurta Sets Kurtis | Women Kurta Pant Set | Women Kurta Pant Set Women Kurti Set with Pant | Women Kurti Set with Pant Cotton (K-16-17),47,4.1 out of 5 stars
#254,"KOPNHAGN Ankle Socks Sports Cotton Cushion Socks for Men Women Unisex Low Cut Socks, Pack of 4, Free Size","1,208",4.0 out of 5 stars
#255,DHRUVI TRENDZ Men Mens Shirt,169,3.3 out of 5 stars
#256,U.S. POLO ASSN. Men Trunks,"1,081",3.9 out of 5 stars
#257,Track Pant for Men || Track Pants || Lycra Full Elastic Jogger Track Pant (TP-01-04),237,3.6 out of 5 stars
#258,Enamor Women's Non Padded Non Wired Full Coverage Every Day Bra,"6,926",4.0 out of 5 stars
#259,Urbano Fashion Men's Slim Fit Washed Jeans Stretchable,"8,014",3.6 out of 5 stars
#260,Jockey | Style US57 | Men's Super Combed Mercerized Cotton Woven Printed Boxer Shorts with Side Pockets | Pack of 2 Colors & Prints May Vary |,"2,561",4.1 out of 5 stars
#261,LEOTUDE Cotton Blend Half Sleeve Oversized Back Printed Women's T-Shirt,427,3.8 out of 5 stars
#262,SIRIL Women'S Lycra Full Elastic Saree Shapewear Petticoat,"5,793",3.7 out of 5 stars
#263,"Supersox 3 Pairs Premium Sports Ankle Socks for Men & Women - Thick Cotton Cushion, Extra Durable for Everyday Use - Free Size, Pack of 3, Multicolor","1,622",4.3 out of 5 stars
#264,"Van Heusen Women Bra - Cotton Elastane - Full Coverage, Wireless, Non Padded, Side Support Panel","1,130",4.1 out of 5 stars
#265,ANNI DESIGNER Women's Cotton Blend Straight Printed Kurta with Pant (Raina Purple),104,3.8 out of 5 stars
#266,hotfits Men's Black Cotton Gym Regular Shorts-Lift,650,3.5 out of 5 stars
#267,Selvia Women's Top,326,3.8 out of 5 stars
#268,ANNI DESIGNER Women's Cotton Blend Straight Printed Kurta with Pant,"1,243",3.7 out of 5 stars
#269,McHenry Men's Solid Formal Regular Fit Wrinkle Free PolyViscose Trousers,"7,559",3.7 out of 5 stars
#270,Jockey 1467 Women's Super Combed Cotton Rib Fabric Slim Fit Solid Racerback Styled Tank Top,"9,051",4.2 out of 5 stars
#271,Kotty Women's Loose Fit Jeans,"3,599",3.8 out of 5 stars
#272,"LEOTUDE Men's Casual Printed Short Sleeve with Round Neck, Oversized Longline Drop Shoulder, Very Trendy Printed, Boho Style T-Shirt",452,3.4 out of 5 stars
#273,LEOTUDE Men's Regular Fit Half Sleeve Matty Polo T-Shirt | Plus Size Also Available,653,3.7 out of 5 stars
#274,Bold N Elegant - Be Bold Inside & Elegant Outside Unisex-Child Cotton T-Shirt And Shorts Clothing Set,"4,569",3.9 out of 5 stars
#275,RynoGear Men's Lycra Stretchable Regular fit Track Pants with Zipper Pocket (Pack of 2),89,3.3 out of 5 stars
#276,Jockey Womens Non Wired Non Padded Full Coverage Bra,"6,416",4.3 out of 5 stars
#277,Yashika Women's Georgette Printed Saree With Blouse Piece,362,3.3 out of 5 stars
#278,DHRUVI TRENDZ Women Top,432,3.5 out of 5 stars
#279,rytras Women's Cotton Printed Straight Kurta,"1,266",3.8 out of 5 stars
#280,CBlue Men's Outdoor Quick Dry Lightweight Sports Shorts Zipper Pockets,"6,113",3.7 out of 5 stars
#281,Longies Men's Cotton Printed Regular Boxer Shorts,"30,494",4.0 out of 5 stars
#282,VIP Supreme Men's Sleeveless Cotton Vest (Pack of 5),"4,107",4.0 out of 5 stars
#283,Levi's Men's 025 Round Neck Cotton T-Shirt with Smartskin Technology,"3,465",4.1 out of 5 stars
#284,Jockey FP23 Men's Super Combed Cotton Elastane Stretch Printed Trunk with Ultrasoft Waistband (Prints May Vary),"4,456",4.0 out of 5 stars
#285,"Lavos Women's Period Panty Hipster Leak Proof Underwear for Medium to Low Flow, Reusable Odor & Stain Free Bamboo Cotton Anti-Bacterial Menstrual Periods Panties for Women & Girls","2,200",4.0 out of 5 stars
#286,Jockey FP04 Men's Super Combed Cotton Rib Round Neck Sleeveless Vest with Extended Length for Easy Tuck,"7,211",4.3 out of 5 stars
#287,Lux Cottswool Men's Cotton Thermal Set,"11,791",4.1 out of 5 stars
#288,Wedani Women's Casual Puff Sleeves V Neck Foral Top,681,3.1 out of 5 stars
#289,Studio Shringaar Women's Brocade Elbow Length Sleeves Saree Blouse,"5,200",3.9 out of 5 stars
#290,U-TURN Men's Cotton Solid Formal/Semi Formal Shirt,803,3.4 out of 5 stars
#291,EIO 100% Cotton Rompers Sleepsuits Jumpsuit Night Suits for Newborn Baby Boys & Girls Pack of 3,"9,925",4.1 out of 5 stars
#292,BLINKIN Women's Skinny Fit Trackpants,"4,513",4.0 out of 5 stars
#293,VIP Supreme Men's Half Sleeve Cotton Vest (Pack of 5),"8,993",4.0 out of 5 stars
#294,Lymio Women Top (526-576),"3,846",4.0 out of 5 stars
#295,Wedani Women's Casual Puff Sleeves Ruffled Collor Foral Top,"1,830",3.3 out of 5 stars
#296,MiEstilo Women's Cotton Blend Lightly Padded Wirefree T-Shirt Bra Combo,"1,984",4.1 out of 5 stars
#297,SHEETAL ASSOCIATES Women's & Girl's Long Sleeve Sweetheart Neck Casual Tops,152,3.6 out of 5 stars
#298,"TRYLO ALPA Women's Bra White/Black/Skin/Coral/Maroon/Rasberry/Pink Available in C/D/E/F/G/H/I Cup & Sizes from 30 to 50,",899,4.2 out of 5 stars
#299,ONN Men's Regular Fit Half Sleeve Polo T-Shirt with Pocket,"1,161",4.0 out of 5 stars
#300,LEOTUDE Men's Cottonblend Half Sleeve Drop Shoulder Printed Combo Tshirt (Pack of 2),41,3.3 out of 5 stars
#301,Vahson Women's Lucknow Chikankari Hand Embroidered Georgette Kurta/Kurti (Inner Not Included),210,3.6 out of 5 stars
#302,KLOSIA Women Block Printed Kurta and Pant Set with Dupatta.,497,3.9 out of 5 stars
#303,Amazon Brand - Symbol Women's Cotton Regular T-Shirt,"3,112",4.1 out of 5 stars
#304,Majestic Man Slim Fit Cotton Casual Check Shirt for Men,"1,369",3.9 out of 5 stars
#305,Duchess Women's Cotton Long Length Night Suit Set,"4,892",4.0 out of 5 stars
#306,HIDE & SKIN Top Grain Genuine Leather Handmade | Cowboy Belt for Men | 46 inches length | Adjustable size fits Waist 28-40 inches,"1,197",4.2 out of 5 stars
#307,MEERA FAB Women's Cotton Printed Anarkali Kurta with Palazzo & Dupatta Set with Handwork,"1,569",3.7 out of 5 stars
#308,Jockey 7800 Unisex Kid's Compact Cotton Stretch Solid Crew Length Socks With Stay Fresh Treatment,616,4.2 out of 5 stars
#309,"Mehrang Lycra Saree Shapewear Petticoat for Women, Shapers for Womens Sarees","1,488",3.9 out of 5 stars
#310,SIRIL Women's Printed Poly Silk Saree with Blouse,"2,854",3.4 out of 5 stars
#311,Selvia Women's Solid Lycra Straight Trouser,91,3.3 out of 5 stars
#312,"XYXX Men's Super Combed Cotton Checkered Checkmate Pyjamas with Elasticated Waist, Drawstring","3,813",4.0 out of 5 stars
#313,Amazon Brand - Symbol Men Formal Shirt,"7,326",3.8 out of 5 stars
#314,EVANTA Women's Cotton Blend Embroidery Kurta with Pent Set (TBH-White),25,3.4 out of 5 stars
#315,SPIN CART Cotton Premium Collection Handkerchiefs Hanky For Men - Pack of 12. - White Striped XXL King Size.,"2,566",4.2 out of 5 stars
#316,fanideaz Mens Cotton Half Sleeve Striped Polo T Shirt with Collar,"4,267",3.8 out of 5 stars
#317,GoSriKi Women Kurta with Pant & Dupatta,"1,782",3.7 out of 5 stars
#318,Jockey Men Men Ankle Socks,"1,636",4.2 out of 5 stars
#319,Billford Men's Comfortable Stretchable Casual Denim Jeans Slim Fit Mid Rise Flat Front Full Length Modern & Fashionable for Casual Wear Comfort and Flexibility,721,3.4 out of 5 stars
#320,HELLCAT Boys Round Neck Printed Blended Cotton Tshirt -Combo Pack of 3,"2,923",3.8 out of 5 stars
#321,J B Fashion Women's Lycra Full Elastic Saree Shapewear Petticoat (S-01-06),208,4.4 out of 5 stars
#322,BERRY BIRD ® Tops for Women|Crop top Tank top|Beach wear|Stylish Tops|Inner for Women|Ribbed Tops|Spaghetti top|Stretchable Gym Tops|Trendy Tops,373,3.8 out of 5 stars
#323,DUPATTA BAZAAR Women's Printed Multicoloured Crushed Art Silk Dupatta,32,3.8 out of 5 stars
#324,KLOSIA Women Block Printed Anarkali Kurta and Pant Set with Dupatta,219,4.2 out of 5 stars
#325,PLUMBURY Women's Nylon Lightly Padded Wire Free Sports Bra,921,3.6 out of 5 stars
#326,Wedani Women's Casual Bell Sleeves V-Neck Foral Top,287,3.2 out of 5 stars
#327,Wish Karo Baby girl Knee Length Frock Dress,"10,200",4.1 out of 5 stars
#328,GoSriKi Women's Cotton Blend Printed Straight Kurta with Pant,213,3.7 out of 5 stars
#329,Lymio Track Pant for Men || Track Pants || Plain Track Pant (Track-01-03),16,4.3 out of 5 stars
#330,Lymio Casual Shirt for Men|| Shirt for Men|| Men Stylish Shirt || Men Printed Shirt (Patta),"2,007",3.9 out of 5 stars
#331,PISARA Women's Art Silk Printed Saree With Unstitched Blouse Piece,"1,928",3.2 out of 5 stars
#332,Unbeatable Polyester Spandex Men's Sports Running Set Compression Shirt + Pants Skin-Tight Long Sleeves Quick Dry Fitness Tracksuit Gym Yoga Suits,659,3.6 out of 5 stars
#333,"Amazon Brand - Anarva Lycra Saree Shapewear Petticoat for Women, Cotton Blended,Petticoat,Skirts for Women,Shape Wear Dress for Saree",369,4.1 out of 5 stars
#334,Majestic Man Men Slim Fit Casual Shirt,265,3.8 out of 5 stars
#335,CHKOKKO Men's Round Neck Full Sleeves Regular Dry Fit Gym Sports T-Shirt,"2,485",3.8 out of 5 stars
#336,Soulemo Women Cotton Floor Length Nighty,"5,448",4.0 out of 5 stars
#337,BULLMER Mens Regular Fit Printed Round Neck Cotton Tshirt Pack of 3,"2,394",3.7 out of 5 stars
#338,Yashika Womens Georgette Printed Saree With Blouse Piece,"1,187",3.6 out of 5 stars
#339,Boldfit Shape Wear for Women Waist Trainer Belt for Women Tummy Shaper for Women Body Shaper for Women Tummy Tucker Shapewear for Women & Men Slimming Belt Belly Shaper Waist Trainer - 3 Meters Black,174,4.3 out of 5 stars
#340,VIMAL JONNEY Men's Regular Fit Track pants(Pack of 2),"7,120",3.8 out of 5 stars
#341,Lyra Women Slim Fit Pants,"7,707",3.9 out of 5 stars
#342,Clothe Funn New Born Knee Length Baby Girl Dress,"3,075",4.3 out of 5 stars
#343,Labnoft Men's Auto Lock PU Leather Belt,"3,297",4.3 out of 5 stars
#344,Jockey White Handkerchief (Pack of 3) HK01_White_FREE SIZE,442,4.2 out of 5 stars
#345,Jockey 7902 Unisex Kid's Compact Cotton Stretch Solid Knee Length Socks With Stay Fresh Treatment,410,4.2 out of 5 stars
#346,Bhochi Women Polyester Blend Solid Trousers for Women for Dailywear,442,4.2 out of 5 stars
#347,Dennis Lingo Men's Mandarin Collar Casual Shirt,"19,145",4.0 out of 5 stars
#348,GoSriKi Women Kurta with Pant & Dupatta,"1,498",3.7 out of 5 stars
#349,"London Hills Women's Casual Printed Round Neck, Oversized Longline Drop Shoulder Boho Style T-Shirt",20,4.0 out of 5 stars
#350,"Sports Soccer Football Portugal Jersey Ronaldo 7 Home Kit Jersey T-Shirt (Kid's, Boy's & Men)",16,3.3 out of 5 stars
#351,CHKOKKO Men Solid Raglan Regular Fit Gym T-Shirt,"1,548",3.9 out of 5 stars
#352,ANNI DESIGNER Women's Cotton Blend Regular Kurta,856,3.4 out of 5 stars
#353,JUGULAR Men's Printed Vest New York City,"2,220",4.0 out of 5 stars
#354,,,
#355,NEVER LOSE Mens 2 Pack Polyester Yoga Short Men Summer Running Gym Sports Shorts with Pockets Shorts for Men,732,3.5 out of 5 stars
#356,GoSriKi Women Kurta with Pants & Dupatta,"1,167",3.8 out of 5 stars
#357,Royal Export Women's Pink Color Cotton Printed Flair Kurti Trouser Pants Set with Dupatta,867,3.9 out of 5 stars
#358,Pistaa's Women's Cotton A-Line Printed Kurta,"4,256",3.8 out of 5 stars
#359,ANNI DESIGNER Women's Georgette Chikankari Embroidered Anarkali Kurti (Kari),198,4.5 out of 5 stars
#360,"SOLIDBOTTOMS 100% Cotton Casual Pant for Women's | Ankle Length Regular fit Cotton Trouser | Straight Fit Pants for Formal, Office, Casual and Daily Outdoor Lifestyle",238,3.9 out of 5 stars
#361,Miraan Men's Long Sleeve Casual Denim Shirt (SIGDENIM),"1,052",3.8 out of 5 stars
#362,LookMark Men's Poly Cotton Digital Printed Half Sleeve Shirt,485,3.6 out of 5 stars
#363,"dclub Nipple Covers Reusable Comfortable & Natural Invisible Adhesive Silicone Pasties for Women, (Skin)",498,4.3 out of 5 stars
#364,KLOSIA Women Embroidered Kurta and Pant set with Dupatta,22,4.3 out of 5 stars
#365,Leriya Fashion Shirt for Men | Tropical Leaf Printed Rayon Shirts for Men | Preppy Short Sleeves | Spread Collared Neck | Perfect for Outing | Beach | Camp Wear Shirt for Boys,339,3.5 out of 5 stars
#366,Lux Lyra Women Bottom,"2,694",4.0 out of 5 stars
#367,SkyBeauty Women Cotton Non Padded Wire Free Everyday Bra,"18,728",4.0 out of 5 stars
#368,ENDEAVOUR WEAR Men's Regular Fit Trackpants,"2,416",3.5 out of 5 stars
#369,Bold N Elegant - Be Bold Inside & Elegant Outside Baby's Cotton Tshirt Pant Set,"5,307",4.2 out of 5 stars
#370,,1,3.0 out of 5 stars
#371,GoSriKi Women Saree,"1,395",3.6 out of 5 stars
#372,Vaamsi Women's Poly Cotton Floral Printed Straight Kurta Pant with Dupatta Set (VKSKD1242),490,3.4 out of 5 stars
#373,Jockey 9928 Men's Super Combed Cotton Rich Graphic Printed Low Neck Tank Top with Stay Fresh Treatment,"9,195",4.3 out of 5 stars
#374,ANNI DESIGNER Women's Cotton Blend Straight Printed Kurta with Pant,"1,683",3.8 out of 5 stars
#375,"ITSMYCOSTUME Krishna Dress for Baby Boy Kids Set of 10(Dhoti,Patka,Hip Cover,Mukut,Morpankh,Bansuri,Kamarband,Bajuband,Kundal) Little Krishna Ji Kanha Janmasthmi Costume for Kids",472,3.8 out of 5 stars
#376,DHRUVI TRENDZ Men Pajama Set,169,3.3 out of 5 stars
#377,Style Quotient Women Solid Polycotton Regular Formal Shirt,226,3.8 out of 5 stars
#378,"Arayna Women's Cotton Printed Anarkali Kurti with Palazzo Pants Set, Floral","4,482",3.9 out of 5 stars
#379,HSR Women Waist Slimming Panties Shapewear Tummy Control Tucker with Anti Rolling Strip Underwear Shapewear,"2,577",3.9 out of 5 stars
#380,HSR Women's Tummy Tucker High Waist Shapewear with Anti Rolling Strip Panties (Free-Size) (Waist Size Fits : 32 to 38 Inch),117,4.3 out of 5 stars
#381,ANNI DESIGNER Women's Cotton Blend Printed Straight Kurta with Pant (ALRCAG-NwFB08),513,3.7 out of 5 stars
#382,TRYLO KPL Women's Cotton Non-Padded Bra Black/Black Currant/Butter SCOT/Coral/MARUN/Rasberry/Rose Gold/Nude/Sapphire/Skin/White 30 to 40 Available Cups C to I Combo Pack of-2,474,4.1 out of 5 stars
#383,Vaamsi Women's Cotton Blend Ikat Printed Kurta Set with Dupatta (VKSKD1304_Brown),568,3.2 out of 5 stars
#384,KOPNHAGN Women's Ankle Length Cotton Socks (Pack Of 5) (KP-WBX-50_Multicolour),"1,801",4.1 out of 5 stars
#385,"KuKuber Industries Cotton Premium Collection Handkerchief|Easy Wash & Premium Cotton Fabric|Size 44 x 44 CM, Pack of 6 (White)",818,3.7 out of 5 stars
#386,GoSriKi Women Kurta with Gold Printed Dupatta,"21,755",3.5 out of 5 stars
#387,Leriya Fashion Women's Plus Size Short Sleeve Deep V Neck Self Belted Casual Peplum Wrap Blouse Top,"1,060",3.5 out of 5 stars
#388,"ELLITI Women's Cotton Lycra Blended Full Elastic and Fit Tummy Tucker, Full Leg Cover, Stretchable, Saree Shapewear for Ladies, Petticoat Skirts for Women, Shape Wear Dress for Sari Silhouette Shaper",74,4.0 out of 5 stars
#389,Veirdo Oversized Cotton Animal Print Multicolour Crew Neck T-Shirt with All Over Print for Men,"1,533",3.8 out of 5 stars
#390,GoSriKi Women Kurta with Pant & Dupatta,"1,141",3.6 out of 5 stars
#391,Peter England Men Jeans,8,3.7 out of 5 stars
#392,Fancydresswale Republic Day/Independence Day Tricolor/Tricolour/Tiranga Stole Combo for Kids,160,3.7 out of 5 stars
#393,TWIN BIRDS Super Soft Viscose Elastane Fabric Saree Skirt/Saree Shaper/Saree Shapewear for Women,22,4.5 out of 5 stars
#394,Peter England Men Polo Shirt,35,4.5 out of 5 stars
#395,ZEYO Women's Cotton Heart Printed Night Suit Set of Shirt & Pyjama 5274,"1,726",4.1 out of 5 stars
#396,CREATURE Men Socks,"5,364",4.1 out of 5 stars
#397,Euro Men's Cotton Brief (Pack of 5) (Colors May Vary),"12,128",3.9 out of 5 stars
#398,"BRANDONN Unisex Baby Flannel Jumpsuit Panda Style Cosplay Clothes Bunting Outfits Snowsuit Hooded Romper Outwear (Grey Scars, 12-18 Months)",773,3.9 out of 5 stars
#399,AASK Women A-line,18,4.5 out of 5 stars
#400,KOTTY Womens Polyester Blend Straight Fit Trousers,34,3.7 out of 5 stars
